https://github.com/Md-Emon-Hasan/ML-Project-Email-SMS-Spam-Classifier-with-MLOps,ce214d9
https://github.com/Megscammell/Estimate-of-direction-in-RSM,3ab2678
https://github.com/Melevir/flake8-obey-import-goat,96e5959
https://github.com/MicaelJarniac/BuildURL,6284ff5
https://github.com/MiczFlor/RPi-Jukebox-RFID,74abc37
https://github.com/MikeSchapp/BabyScout,5725e4b
https://github.com/Minusadd/VBLRL,6aab19c
https://github.com/MoatLab/FEMU,3690338
https://github.com/Moglius/deploy-aws-stuff,c47a79b
https://github.com/MontiCore/montithings,532622f
https://github.com/Morris88826/PROGRAMMING-LLMs,d22a05b
https://github.com/Mustangodhra/xmltoxsd,1822a59
https://github.com/Myliu0401/admin.net_web,891c6d3
https://github.com/NOAA-ORR-ERD/MapRoom,f085860
https://github.com/NREL/EP-Launch,e2e3063
https://github.com/NarendraPAutomationEngineer/StackStormTutorials,46007ab
https://github.com/Nelson-Gon/pycite,c3a0f6e
https://github.com/Newscatcher/newscatcher-sdks,8d6e766
https://github.com/NiklasJavier/RCSuite,f331267
https://github.com/NiklasvonM/EnsembleLearning,a07ec86
https://github.com/NoDataFound/SW_HAX,757cbd0
https://github.com/Noob-Saibot-227410/ferramenta-opensource-seguranca-aws-prowler-cloud,2c138d7
https://github.com/NuGet/NuGetGallery,b26757e
https://github.com/OU-CS3560/grading-lib,bce8fd6
https://github.com/OliverDrechsler/fetchmail_bot,89cca5a
https://github.com/OnroerendErfgoed/skosprovider_atramhasis,5edbe65
https://github.com/OpenCTI-Platform/client-python,5c5dfa2
https://github.com/OpenMPDK/KVCeph,1f88576
https://github.com/PRIDE-Archive/pridepy,750938f
https://github.com/PacktPublishing/Expert-Python-Programming_Second-Edition,2ccdbd3
https://github.com/PacktPublishing/Mastering-Object-Oriented-Python-Second-Edition,f6d6517
https://github.com/PaloAltoNetworks/xsoar-panos-upgrade-automation,ef65687
https://github.com/Parmeggiani-Lab/elfin,3c5c97c
https://github.com/Parsely/streamparse,aabd9d0
https://github.com/ParthD971/NewsWebsite,0f8a7ce
https://github.com/PaulMcInnis/JobFunnel,245a359
https://github.com/PennLINC/fw-heudiconv,ad06d0e
https://github.com/Prasun6736/MLOPS-BASIC,25ca152
https://github.com/Preia-Starle/casino-war-game,1c33e03
https://github.com/QualiSystemsLab/cloudshell-scriptfoundry,218d48e
https://github.com/QuarkChain/pyquarkchain,242ce0a
https://github.com/R3tr074/Burn-Byte,6e82aa2
https://github.com/Rav263/python_chess,a09e4ea
https://github.com/ReaJason/xhs,eb1c5a0
https://github.com/RedHatProductSecurity/osidb-bindings,f3d528a
https://github.com/RelevanceAI/vectorhub,5466bb4
https://github.com/RetailMeNotSandbox/dartclient,0a93fd7
https://github.com/RicardoEscobar/core-ai,ba8d77b
https://github.com/Ritupds/DockerImagehub,09eee15
https://github.com/Rodrigo001-dev/ignite-python,46f1c07
https://github.com/RookieGameDevs/revived,b98dbc6
https://github.com/SACLabs/TransWorldNG,906c928
https://github.com/SAP/project-kb,312e910
https://github.com/SBRG/ssbio,08c1ce3
https://github.com/SODALITE-EU/defect-prediction,3d69fd2
https://github.com/SSC-ICT-Innovatie/LearningLion,cb519fb
https://github.com/STAMP-project/camp,e8652dd
https://github.com/SaILaIDiN/Spine-Detection-with-CNNs,bdbf10b
https://github.com/Saket-Upadhyay/SkyDaddy,85ef438
https://github.com/Samsung/LexSubGen,7d49693
https://github.com/Santandersecurityresearch/corsair_scan,35428a7
https://github.com/SasView/sasdata,ff06923
https://github.com/Sasuke0713/common_words_python,9c5ab2f
https://github.com/SavindraSinghShekhawat/iitmbsvideosdownloader,03a8527
https://github.com/Sayantan40/Big-Mart-Stores-Sales-Prediction,35b92d6
https://github.com/Sayantan40/Thyroid-Disease-Detection,3aef75a
https://github.com/SciKit-Surgery/scikit-surgerynditracker,c52694f
https://github.com/ScreenPyHQ/screenpy_adapter_allure,457e850
https://github.com/SeolhwaLee/ParlAI_blender_persona,7f5645b
https://github.com/Serenity-Energy/Utility,d56b850
https://github.com/Sethjsa/LLM-Dom-Ad,d2a7be5
https://github.com/ShaderLight/shinden.py,5eeef7b
https://github.com/ShirleyMaxx/AlphaChimp,9c642ab
https://github.com/ShishirPatil/gorilla,eca516a
https://github.com/SigmaFold/SigmaFold,90fbe81
https://github.com/Sigmanificient/codewars,58211b5
https://github.com/SiliconSloth/ADNC,24e8778
https://github.com/SixGod191001/CEDC,57612f5
https://github.com/Snowflake-Labs/geff,6caf935
https://github.com/SoftwareUnderstanding/inspect4py,585ceaa
https://github.com/SokratisStudent/csca5028-final,dcc4f50
https://github.com/SpockBotMC/SpockBot,f899115
https://github.com/Steffen-Wolf/picasso_training,53d3dcf
https://github.com/SudevShibu/prowler-s3-audit,f212e2d
https://github.com/Sujit-O/pykg2vec,492807b
https://github.com/SunPSoftware/Cura-3-2,b0a673a
https://github.com/Suresoft-GLaDOS/bugscpp,be5cc48
https://github.com/SysCV/qd-3dt,f2b1763
https://github.com/TAXIIProject/libtaxii,41f4133
https://github.com/TaatiTeam/pose_sequence,b130dba
https://github.com/TachyonicProject/netrino,dcecbfa
https://github.com/TachyonicProject/tutorials,71e57d3
https://github.com/Team-P4RROT/P4RROT,10cc168
https://github.com/Temelio/ansible-role-flink,d55302c
https://github.com/TestInABox/stackInABox,678af39
https://github.com/TestingLaboratory/rest-api-introduction-app,8a1038a
https://github.com/TheDataLeek/HadoopInspector,ae5c2f7
https://github.com/ThomasMGeo/CheckmateSample,8525af6
https://github.com/Thor77/MarkovPy,6546205
https://github.com/TkTech/pysimdjson,f68fc03
https://github.com/TrustyJAID/Blockchain-downloader,2782c08
https://github.com/Tubaher/TrackEval,f792c20
https://github.com/Tyler-Yates/bit-rot-checker,8a5de6d
https://github.com/UCFSPS/event-horyzen,f7eb059
https://github.com/UCL-ARC/rsd-summerschool,55e0691
https://github.com/UIT-Together/EAES_m4c,9d7fdd6
https://github.com/UIUCLibrary/HathiValidate,3fd9144
https://github.com/UMCUGenetics/clarity_epp,eebcbb6
https://github.com/UniCryptoLab/UniPaymentClient.Python,1ae2ac4
https://github.com/Unmanic/unmanic,925008e
https://github.com/VICSES/python-viper,ff18c9d
https://github.com/Vahe1994/SpQR,902abdb
https://github.com/Vindhyaa-Saravanan/Vertex-Sports-Centre-Software,f40c50a
https://github.com/WIPACrepo/file_catalog,f85fb9f
https://github.com/Willames-Jr/pygame-pokemon,a15bf14
https://github.com/WilliamQLiu/python-examples,7311130
https://github.com/Wind-River/starlingx-config,96b92e5
https://github.com/WindyLab/GenSwarm,96f2633
https://github.com/XTao-Technology/Anna,d5d6f65
https://github.com/XUANTIE-RV/xuantie-yocto,97d9439
https://github.com/YeonwooSung/MLOps,54ad2e8
https://github.com/Yodo1Games/py-yodo1,064a5fc
https://github.com/YoeDistro/poky-old,5127df1
https://github.com/Yu-Group/imodels-experiments,a6f797d
https://github.com/Zelenyy/advanced-python,ffafab7
https://github.com/a-musing-moose/his,c905ca3
https://github.com/a0x8o/beam,c20455f
https://github.com/a0x8o/felix,fb431cc
https://github.com/a0x8o/presto,6c63f48
https://github.com/aaronlifshin/whysaurus,fde0564
https://github.com/ab7289-tandon-nyu/csgy6953_DeepLearning_Midterm,e79a6d0
https://github.com/abdelhakim96/drone_code,d4a8f92
https://github.com/abdelrahman0w/ouro,4186a3f
https://github.com/abhinav7sinha/python-chessx,eca6397
https://github.com/aboutcode-org/pip-requirements-parser,4d18bc1
https://github.com/accodev/jovabot,80828ba
https://github.com/achuthrajula/SER516-pairprogramming-patil,8c8ed28
https://github.com/acsone/setuptools-odoo,9d892ee
https://github.com/actonbp/abm-lead-emergence,16a2467
https://github.com/adafruit/Adafruit_CircuitPython_Requests,2db92cd
https://github.com/adam-phelps/enjambre,2877ae6
https://github.com/adamar-solutions/django-skeleton,d6f2692
https://github.com/adamchainz/owela-club,388eb94
https://github.com/adamoutler/anycubic-homeassistant,8a5d931
https://github.com/adityaiiitmk/DL-ALGORITHMS,4027dfe
https://github.com/aerospaceresearch/orbitdeterminator,1aec891
https://github.com/agaridata/agari-oss-public,4cd8c47
https://github.com/agoel00/polysemy,b71b656
https://github.com/aidentified-llc/matching-api-cli,f8ac3fe
https://github.com/aidiss/opendatagovlt,9ec5c7c
https://github.com/aio-libs/aiohttp-demos,835c37d
https://github.com/airwick989/Autonomous-Vehicle-Simulation-and-Testing-Bench,401c95f
https://github.com/alan-turing-institute/defoe,d7d2a22
https://github.com/alecmori/taming_the_monster,f9d3ccc
https://github.com/alefnula/tea,37ac77a
https://github.com/aleksandermajos/BIGAI,98ef04c
https://github.com/alemicheli/pyndex,40b47fc
https://github.com/algorithmcardboard/grasp-lift-eeg-cat-dog-solution-updated,ee45bee
https://github.com/ali92hm/cookiecutter-pyproject,8808e7a
https://github.com/alibaba/AliOS-Things-Linux-Edition,a78f191
https://github.com/allenai/citeomatic,e1a0f88
https://github.com/alliance-genome/agr_literature_service,f07d3e4
https://github.com/altnight/circleci2_test,7bb5df7
https://github.com/amenezes/async_metrics,51496cc
https://github.com/andersoncontreira/aws-lambda-chalice-skeleton-python,7b2f83c
https://github.com/andestech/uboot,e4a35f7
https://github.com/andgineer/hrcomparison,f1d661c
https://github.com/andgineer/joplin-bulker,baead4b
https://github.com/andir/mail2pr,8cdbc17
https://github.com/andreafrancia/python-kata-starter,067517c
https://github.com/andreiw/uboot_jh7100,34e0434
https://github.com/andresionek91/bootcamp-engenharia-de-dados,3969039
https://github.com/andrewharle/mongodb,c7b33ab
https://github.com/andy-maier/syslog2,e745830
https://github.com/andy-z/ged4py,2270bd8
https://github.com/andylockran/heatmiserV3,5778f5b
https://github.com/anglisano/crontab_py,1b33c57
https://github.com/ansys/pyansys-tools-versioning,d713280
https://github.com/anthony-zhou/climate_code_conversion,96aac12
https://github.com/anushakuppahally/spotify-api-project,3975773
https://github.com/aoberoi/python-slackclient-remix,cbc5fb4
https://github.com/appleparan/template.py,d5d7f44
https://github.com/apragacz/django-rest-registration,2b77b4a
https://github.com/areed1192/sigma-coding,2726471
https://github.com/arm61/uravu,c41dca4
https://github.com/armalite/dbt-ai,1bf3aa3
https://github.com/armandtvz/python-payfast,6c06242
https://github.com/art-e-fact/text2sim,93d332d
https://github.com/artefactual/automation-tools,4f73fa3
https://github.com/artisan-roaster-scope/artisan,279d381
https://github.com/artyang/calico,2ff1514
https://github.com/aschn/drf-tracking,ba980e7
https://github.com/asifrahaman13/HackAI_Hack-230648,7711a7e
https://github.com/asluchenba15/openpilotMaxAccel,57103d7
https://github.com/aspuru-guzik-group/atlas,a9cbbb7
https://github.com/astorfi/LLM-Alignment-Project,9272fc8
https://github.com/astroML/astroML,d7485a8
https://github.com/astrojuanlu/copier-kedro,880d56d
https://github.com/astrojuanlu/copier-pylib,77ce4ea
https://github.com/atcit/actpy,5bfbc0a
https://github.com/atom-sw/fauxpy-experiments,fd2d8fd
https://github.com/atomic6-org/ghg,feea44a
https://github.com/aturevich/zoomcamp_mlops_project,2820a1d
https://github.com/auth0/auth0-python,b9277de
https://github.com/avneesh91/pynaive_chain,d622aef
https://github.com/awegg/landroidcc,f7005f4
https://github.com/awemulya/kobo-predict,f302d08
https://github.com/aws-deepracer-community/deepracer-simapp,2e3f962
https://github.com/aws-samples/intelligent-shopping-assistant,0df8dec
https://github.com/aws-samples/retail-demo-store,8e5c52b
https://github.com/aws-samples/serverless-test-samples,1d9c44b
https://github.com/awslabs/aws-shell,74d95a7
https://github.com/ayoub3bidi/mercury,bb95be1
https://github.com/backtrackbaba/cowin,de876c2
https://github.com/bakobako/pirate-weather-python,c80129b
https://github.com/bastikr/boolean.py,228f005
https://github.com/bbelderbos/payroll,e8e5d36
https://github.com/bbugyi200/vimala,07a0cd8
https://github.com/bchwtz/bchwtz-gateway,962bd48
https://github.com/beagleboard/xuantie-yocto,595af87
https://github.com/beiyuouo/fedtoy,19f722a
https://github.com/benayas1/benatools,1908a8d
https://github.com/benbusby/whoogle-search,9bfdd88
https://github.com/bentleymi/ChatGPT-4-Splunk,3354a41
https://github.com/best-doctor/flake8-class-attributes-order,8f3ac55
https://github.com/bfarr-rh/pytest-calculator,b0b01b2
https://github.com/bhandariprerak/SE_hw2,a15ee42
https://github.com/bhargavi1poyekar/fetch_goldbar,91592cd
https://github.com/bionumpy/npstructures,e97b2b0
https://github.com/biopackathon/python-packaging-exercise,9dce2cc
https://github.com/bitshares/python-bitshares,e39f658
https://github.com/blackducksoftware/hub-rest-api-python,084b557
https://github.com/blainefreestone/vado-tecum,3efce9e
https://github.com/bloXroute-Labs/solana-trader-client-python,f8f3993
https://github.com/bo4e/BO4E-python,0841f83
https://github.com/boardpack/cookiecutter-pyboardpack,f8e87f4
https://github.com/bolof2000/Rest-API-Automation-In-Python,a76dfc8
https://github.com/brandondube/prysm,b463d08
https://github.com/brews/bayfox,3af629b
https://github.com/brews/baysparpy,37c4eec
https://github.com/brews/baysplinepy,05a96da
https://github.com/bright-tools/varints,1c74efc
https://github.com/broadinstitute/gnomad-project-template,1f62551
https://github.com/broadinstitute/varianteval,77d5aee
https://github.com/brunocampos01/encrypt-file,b0d96c0
https://github.com/btc-ag/revengtools,d58680e
https://github.com/btcoolboy/ansible,7b161f2
https://github.com/bugov/aiohttp-basicauth-middleware,483b401
https://github.com/bulgemi/opbot,550df1d
https://github.com/bundesAPI/autobahn-api,2db7a58
https://github.com/bwhmather/ssort,ca350f4
https://github.com/c04074rv/Audio-classification,8301a7c
https://github.com/camillescott/shmlast,97ad4f3
https://github.com/cangermueller/deepcpg,7f58da5
https://github.com/canonical/airbyte-k8s-operator,0d2c9bf
https://github.com/canonical/basic-auth-service,0d4e70e
https://github.com/canyon289/PyTestforDataScience_PyDataLA,e2eec23
https://github.com/capivara-ai/milkqa-utils,3516863
https://github.com/carlosnatalino/simple-flask-blog,9cafd86
https://github.com/catchpoint/WebPageTest.agent,f0ee0ca
https://github.com/catid/supercharger,e89b95e
https://github.com/cds-snc/terraform-modules,f512163
https://github.com/ceccopierangiolieugenio/pyTermTk,d69e032
https://github.com/cedadev/cis,c207b4e
https://github.com/ceonlabs/arcan-nixos-asahi,3f5fbcc
https://github.com/cerform/project-int,06ec95c
https://github.com/cern1710/inland-empire,1161a34
https://github.com/chanhosuh/bitcoin-monitor,acecfcf
https://github.com/chazeon/revtex2docx,de08441
https://github.com/chilli-axe/mpc-autofill,06af85b
https://github.com/chipsalliance/f4pga-sdf-timing,ea99ca8
https://github.com/chmarti1/PYroMat,fba83f5
https://github.com/chriscave/mpl_ascii,6b51667
https://github.com/cifpfbmoll/ollivanders-in-a-docker-pau13-loop,0f9f258
https://github.com/clamytoe/note,8a887db
https://github.com/clay584/knex,1963d02
https://github.com/clbarnes/f_it,ba93aa7
https://github.com/clchinkc/SecureEncoder,7b843c0
https://github.com/cle-b/niobium,b18e555
https://github.com/clintmadeit/clinttools,8c798a5
https://github.com/cloud-gov/uaa-bot,7a80d9b
https://github.com/cloudbase/python-hnvclient,b019452
https://github.com/cmu-delphi/delphi-epidata,8746ff2
https://github.com/cmu-sei/juneberry,ccb5563
https://github.com/cocrawler/cocrawler,eaba13a
https://github.com/code-iai/openEASE-flask,25ec1b9
https://github.com/coderedcorp/cr,0bc9de6
https://github.com/coinForRich/coin-for-rich,34a9d95
https://github.com/coinkite/BBQr,2e26d1d
https://github.com/colin-mills/Daily-Debrief-notification-service,6e127be
https://github.com/commons-stack/commons-simulator,39ea92c
https://github.com/compatibl/convince,be45944
https://github.com/con-schneider/dlab-public,2d2372e
https://github.com/cordada/lib-pe-sunat-python,72c8522
https://github.com/cornell-brg/hb-pytorch,084cf4d
https://github.com/couchbaselabs/couch-formation-core,c2509cd
https://github.com/craftbeerpi/craftbeerpi4,988f19e
https://github.com/craftled/pynions,cdc2968
https://github.com/crchende/sysinfo,f80f2ca
https://github.com/crmin/djangosecretkey,22a69f6
https://github.com/cs480-projects/cs480-projects.github.io,68952d9
https://github.com/csci-arch/stibnite,6c78f94
https://github.com/ctavolazzi/NovaSystem,d1ff679
https://github.com/ctomkow/gluetube,cd9e9eb
https://github.com/cunningr/dna_workflows,1fbd17d
https://github.com/cwapi3d/cwmath,f8b6a28
https://github.com/cyberark/conjur-api-python,32b3bbc
https://github.com/cylondata/gcylon,1ab8fa1
https://github.com/dgentry/mergeinator,b3ca697
https://github.com/dgzlopes/cloud-detect,e8e8b05
https://github.com/dhh1128/langkit,302339f
https://github.com/dhilipsiva/hostscli,cabf313
https://github.com/dhruvbalwada/sogos,19327cd
https://github.com/dib-lab/elvers,0e6e978
https://github.com/dice-group/palmetto-py,a5c1d4d
https://github.com/dicomsort/dicomsorter,4006917
https://github.com/diego-hermida/ClimateChangeApp,576d49e
https://github.com/digi-embedded/u-boot,8b6b6d3
https://github.com/digital-chemistry-laboratory/morfeus,5dd16cf
https://github.com/digitalocean/kubernetes-sample-apps,6d8ffb9
https://github.com/dineshkumar-v85/PX30-YoctoLayers,5c5e010
https://github.com/djdt/pewlib,d1ed57d
https://github.com/dm03514/func-y-task-engine,4ffda7c
https://github.com/dmeoli/optiml,768a7ce
https://github.com/dmytrostriletskyi/accessify,6b7cf86
https://github.com/docToolchain/asciidoc-linter,cecee6e
https://github.com/dod-advana/gamechanger-ml,b003061
https://github.com/dominik-air/robot-path-optimization,db1af6f
https://github.com/dominikwalk/importtime-output-wrapper,bac74fe
https://github.com/doutib/lobpredict,3e44376
https://github.com/downingbots/RLDonkeycar,950cfec
https://github.com/dpalmasan/TRUNAJOD2.0,b718cac
https://github.com/dropbox/pynsot,34a6deb
https://github.com/drrelyea/spgl1,a6a7446
https://github.com/drunsinn/pyLSV2,d9fcb7f
https://github.com/dssg/collate,30d051f
https://github.com/dsteinberger/scrapimdb,7c5fece
https://github.com/dsuprunov/python-statista-programming-challenge,e713a34
https://github.com/ducanhho2296/DeepAmenitySegmentation,b900443
https://github.com/duffelhq/duffel-api-python,fad4344
https://github.com/duo-labs/parliament,20784b7
https://github.com/durableOne/orgmunge,abb3920
https://github.com/dvirfriedler/FastAPI,f02dbbf
https://github.com/dymmond/esmerald-sessions,a9669b5
https://github.com/earny-joe/covid_disinfo_detect,722b07e
https://github.com/earthlab/streamstats,add39f2
https://github.com/eclipse-velocitas/vehicle-app-python-sdk,cf7e2ff
https://github.com/edf-re/powerflex_logging_utilities_py,e7a6d25
https://github.com/eerimoq/bincopy,cce6da4
https://github.com/ejoerns/poky-nfsroot,f4ca31a
https://github.com/ekalinin/nodeenv,7ea0a48
https://github.com/elbuco1/fen2pil,9dc64bc
https://github.com/elifesciences/data-hub-ejp-xml-pipeline,85c69ba
https://github.com/elifesciences/elife-bot,9df2b29
https://github.com/elijah-ward/TSO,610565a
https://github.com/ellsphillips/govsic,3cb020c
https://github.com/emirtuglu/Web-Application-Fuzzer,5ec1af0
https://github.com/emkor/audiopyle,ae61610
https://github.com/emonty/oaktree,1a69bfa
https://github.com/emtee40/python_scripts,8045924
https://github.com/emundo/revdbc,58069f9
https://github.com/emvalbuena/winglets,4db9073
https://github.com/epiqc/qutrits,fe24c42
https://github.com/erberlin/pywol,1e586c3
https://github.com/erikbern/ann-benchmarks,3bb0474
https://github.com/erre-quadro/spikex,3942d96
https://github.com/es7s/macedon,8517f35
https://github.com/esc0rtd3w/firestick-loader-kodi-data,e4d7931
https://github.com/ess-dmsc/python-streaming-data-types,bc83325
https://github.com/eunjicious/buddystore_src,ed6dd5c
https://github.com/evergreen-ci/commit-queue-sandbox,a702ad8
https://github.com/executablebooks/mdformat-footnote,80852fc
https://github.com/ezdoo/flectra,3a38a09
https://github.com/ezhov-evgeny/webdav-client-python-3,98c23d1
https://github.com/facebook/openbmc-uboot,569d0fc
https://github.com/faif/python-patterns,cc54961
https://github.com/fastresearchgroup/TACOCAT,da51265
https://github.com/fat-forensics/fat-forensics,f6ce085
https://github.com/fearnworks/dungeondriver,2a00fe5
https://github.com/fedora-copr/copr,0a9e16e
https://github.com/fedora-infra/fedocal,1c6026a
https://github.com/femiwiki/tweetbot,1396b9e
https://github.com/ferraric/Computational-Intelligence-Lab-2020,08510c4
https://github.com/ferrarif1/MyNote,312e98f
https://github.com/ffreemt/deepl-fastapi,1b3c153
https://github.com/ffreemt/light-aligner,fb1c3f2
https://github.com/fieryhenry/BCSFE-Python,648aa49
https://github.com/filestack/filestack-python,cf123d3
https://github.com/findsimilar/find-similar,70c66c6
https://github.com/finsberg/IN1910,57332a6
https://github.com/flake-it/showflakes-framework,41ad3eb
https://github.com/flaper87/pyhelm,4ecac9b
https://github.com/flask-kr/rosetta,427a368
https://github.com/fledge-iot/fledge,ebb4a73
https://github.com/fletch22/alpha_media_signal,4b274aa
https://github.com/florath/rmtoo,3bb8b22
https://github.com/florimondmanca/asgi-sitemaps,009b0f0
https://github.com/florimondmanca/djangorestframework-api-key,15ffd45
https://github.com/florimondmanca/httpx-sse,403b91c
https://github.com/fluquid/find_job_titles,a8a64e8
https://github.com/forrest-herman/notion-automation,71c3f75
https://github.com/franioli/python_project_template,bb23ce4
https://github.com/fraserphysics/F_UNCLE,86b4a44
https://github.com/friendlyarm/linuxsdk-rockchip-yocto,62eff7b
https://github.com/frontdevops/magic-config,005215d
https://github.com/fuxiAIlab/CivAgent,20d1e12
https://github.com/gabrielfelipeg/HiDnama-Bot,8bdedf6
https://github.com/gabrieltseng/datascience-projects,cb79fe2
https://github.com/gaige/mdformat-pelican,6b9c859
https://github.com/ganau/PwnHome,6bf431e
https://github.com/gastoncloud/ai-mike-1st-bot,669479b
https://github.com/gaussalgo/anlearn,40e177b
https://github.com/gbarany/crypto-arbitrage-finder,8b1dcf1
https://github.com/gbiz123/shopee-captcha-solver,99298d7
https://github.com/gdtk-uq/gdtk,3d81a09
https://github.com/geekcomputers/Python,5aa23ca
https://github.com/gem5/gem5,b88f814
https://github.com/genouest/os-vm-expire,9177501
https://github.com/georgesdimitrov/arvo,86d33af
https://github.com/ggreen/spring-geode-showcase,3e9fbd6
https://github.com/ghorbani-mohammad/telegram-bot-yourfirm,f9a46ed
https://github.com/ginopalazzo/dedomeno,e43df36
https://github.com/gnsJhenJie/Multimodal_Transformer,d725cc7
https://github.com/gnuamua/denvermesh-plone-backend,83b360b
https://github.com/godatadriven/python-devcontainer-template,d0b1dc0
https://github.com/gogoair/pyasgard,c8504e9
https://github.com/gooddata/gooddata-python-sdk,14d4608
https://github.com/google-gemini/workshops,dc70d01
https://github.com/google/mesop,ff1617c
https://github.com/googleapis/releasetool,a3c8bdc
https://github.com/goyalpramod/cars-api,784f116
https://github.com/grantmcconnaughey/Lintly,2c7942a
https://github.com/grantmcconnaughey/ci.py,0602fcd
https://github.com/greatabel/PythonRepository,44419dc
https://github.com/greater-than/PipeLayer,569f43b
https://github.com/gregorybchris/jsonvl,bece787
https://github.com/gregorywmorris/oaken-spirits,37279c4
https://github.com/gruns/furl,7748462
https://github.com/gtri/scrimmage,2756b4f
https://github.com/guykisel/inline-plz,588d59a
https://github.com/gyliu513/langX101,32b3db1
https://github.com/h2oai/wave,9b12c81
https://github.com/hackabit19/Apes_together_strong,9648680
https://github.com/hacking-papa/nuricame-web,f219f9b
https://github.com/haomiy/Smart-Bartender,52e9ff7
https://github.com/haruboring/address-complete-divide-api,0eab444
https://github.com/harvester/tests,b1ed0d3
https://github.com/hcekne/risk-game,18ed7eb
https://github.com/heitzjon/mt-join-query-optimization-with-drl,d38a13c
https://github.com/hello-robot/stretch_ai,1363cf7
https://github.com/henrikmidtiby/math-exercises,a41da41
https://github.com/hexeberlin/help-ukraine-bot,6d9e1cb
https://github.com/heylouiz/scrapy-s3-http-cache,2be2e2e
https://github.com/hhstore/annotated-py-projects,e8dadbc
https://github.com/hiracky16/sqlfluff-templater-dataform,a430313
https://github.com/hmaarrfk/redpil,ce8537e
https://github.com/hodgestar/vodka,a70008e
https://github.com/houninghu/qd-3dt,9f7c82a
https://github.com/hovey/pyschool,32cfc52
https://github.com/hpcloud-mon/monasca-events-engine,d38404b
https://github.com/hpharmsen/justdays,70bafee
https://github.com/hse-ml-da/drink_cider,b2261a6
https://github.com/huanlui/chord-suggester,41ec89b
https://github.com/hubernikus/nonlinear_obstacle_avoidance,7f439e1
https://github.com/hugerepo-tianhang/low_dim_update_stable,565f6cb
https://github.com/iamkubi/pydactyl,6f7d300
https://github.com/ibm-openbmc/openbmc,798f9a3
https://github.com/icoxfog417/datascience-template,6f65d14
https://github.com/iflytek/AutoSpark,81aab76
https://github.com/igordmn/blink-typo,4b25f34
https://github.com/imaami/u-boot,daa3100
https://github.com/innovationimperial/imperialx,a2fa6a9
https://github.com/inspirehep/es-cli,9c4e669
https://github.com/intezer/analyze-python-sdk,5c501ab
https://github.com/intuit/mastko,7e3036e
https://github.com/inwaves/ml-training,0a03e48
https://github.com/inyutin/aiohttp_retry,1a3bc19
https://github.com/isobe-h/pukiwiki-to-growi,8e38435
https://github.com/ispc-lab/AMG,7c8a6f7
https://github.com/jacksmith15/json-ref-dict,0708f4d
https://github.com/jaimebuelta/std_encode,b29b46b
https://github.com/jakejie/shop,76c7ea8
https://github.com/jamesridgway/devdeck-core,d4706ea
https://github.com/janetcheung-byte/ames_housing,f85480a
https://github.com/jansel/opentuner,567c48b
https://github.com/jay-johnson/metalnetes,09cdd26
https://github.com/jaypipes/os-traits,e4bfa8c
https://github.com/jayson-panganiban/phzipcodes,a8b2fc3
https://github.com/jbn/modpipe,06e1827
https://github.com/jdholtz/auto-southwest-check-in,98152c0
https://github.com/jdinkla/ai-playground,9c3181e
https://github.com/je-l/fmi.py,cac0745
https://github.com/jeff0926/aiAnalyzer,58437cb
https://github.com/jere-mie/sans-analysis,31b956f
https://github.com/jeremyschulman/netcfgbu,c2056f0
https://github.com/jerrymakesjelly/autoremove-torrents,c55b43c
https://github.com/jessecooper/pyetrade,4e4ed8b
https://github.com/jesseokeya/terraform,7556d5c
https://github.com/jessizanelato/desafio-fifa,20168c5
https://github.com/jettify/ibreakdown,7ebd3e0
https://github.com/jfallmann/RNAmediator,8271f86
https://github.com/jgressier/cfdtools,f0b10c0
https://github.com/jim-schwoebel/voiceome,9af84a8
https://github.com/jingw/pyhdfs,c8b5db8
https://github.com/jkahn/islex,e467d6a
https://github.com/jkwill87/mnamer,82da071
https://github.com/jlumbroso/imslp,9217c5f
https://github.com/jmandrake/python-template,5deff82
https://github.com/jmp/react-native-bundle-extractor,4a5d0bf
https://github.com/joaompinto/twinfiles,82b9172
https://github.com/joaopcanario/imports,81c3e08
https://github.com/joatmon08/manning-book,e82caf1
https://github.com/joe-opensrc/visidata,554ebdf
https://github.com/joelwembo/django-multitenant-saas-ecommerce-kubernetes,f0d1816
https://github.com/johnmaguire/Cardinal,d06682b
https://github.com/jojoDev02/microservice-externo,da27398
https://github.com/jonathaneunice/intspan,7ff4ee8
https://github.com/jonperron/python-navitia-client,583d6ef
https://github.com/joshtemple/lkml,3b08d65
https://github.com/jpadilla/pyjwt,0a99cc2
https://github.com/jpardobl/jpardobl-trastobrain,9579216
https://github.com/juftin/browsr,4d4eecb
https://github.com/juftin/hatch-pip-compile,f51afef
https://github.com/juftin/textual-universal-directorytree,9cbf049
https://github.com/jurismarches/chopper,3b2e90a
https://github.com/justmert/arbitrum-python-sdk,13560a7
https://github.com/justuswilhelm/hashprint,34ac8a8
https://github.com/k0k0icr4n1/wifite2,d44a9f4
https://github.com/kaelzhang/DA-RNN-in-Tensorflow-2-and-PyTorch,1a30c3d
https://github.com/kairen/ceph-doc-taiwan,174dc8a
https://github.com/kajarosz/bookstore-stock-manager,5f6836e
https://github.com/kamangir/vancouver-watching,e413f15
https://github.com/karimsaieh/indexini,c8b81e6
https://github.com/karo-electronics/poky,95ece80
https://github.com/karrioapi/jstruct,a4060c5
https://github.com/kayak/wespe,0ce7191
https://github.com/kazimuth/gandyloo,caa3ae3
https://github.com/kc94github/physical_optimization,589a501
https://github.com/kdybicz/adobe-color-swatch,dc59700
https://github.com/kendryte/nncase,b901f7e
https://github.com/keon/algorithms,cad4754
https://github.com/kercre123/vic-yocto,cf2805a
https://github.com/kernsuite-debian/katpoint,3dc5e46
https://github.com/keurfonluu/stochopy,4a26d91
https://github.com/kevincar/bless,bd0bdf0
https://github.com/kheina-com/kh-common,71b10eb
https://github.com/kieferyap/forkpi,1f5d664
https://github.com/knowark/clean-architecture-python,e194136
https://github.com/knownsec/pocsuite3,a632e49
https://github.com/koalalorenzo/python-digitalocean,3d80246
https://github.com/konflux-ci/release-service-utils,746eb5f
https://github.com/kpn/py-fqn-decorators,c132724
https://github.com/kpn/py-pkgsettings,1cffdf2
https://github.com/krv006/E-English,0f3031b
https://github.com/kshitizgupta21/triton-trt-oss,447a265
https://github.com/kss-zolw/Rammeverk-2024-Final-delivery,98ba042
https://github.com/kubeflow/examples,4a9165b
https://github.com/kubilus1/autoortho,1e81d5c
https://github.com/kuielab/mdx-net,bbd46db
https://github.com/kyhau/aws-tools,10dd4b1
https://github.com/lago-project/lago-ost-plugin,2d060db
https://github.com/lareferencia/dspace-stats-collector,f88a678
https://github.com/laurelkeys/uc-compiler,4b42162
https://github.com/ldconejo/python_coding_examples,02f0a8f
https://github.com/ldery/Bonsai,2f911d7
https://github.com/ldv-klever/klever,dc714a3
https://github.com/lebaston100/vrc-patpatpat,07a6eb3
https://github.com/leezythu/UCTR,675ee33
https://github.com/leezythu/UCTR-ST,5689363
https://github.com/leontrolski/pglockpy,27df664
https://github.com/levi2234/Progresspal,442e33c
https://github.com/lgeo3/protolab_sound_recognition,c29a138
https://github.com/liblaber/llama-store,7c0dd5f
https://github.com/libreswitch/libreswitch,1bb99e4
https://github.com/lidaohang/ceph_study,6b03671
https://github.com/lightwave-lab/zeropdk,3121a72
https://github.com/linuxwhatelse/dups,34b7b6c
https://github.com/liuh886/open-phrasebank,7535b9c
https://github.com/liuxfiu/simulus,1998709
https://github.com/liyapenggo/raspberrypi3-openbmc,5565292
https://github.com/lmdiazangulo/MCFNL2024,ff9cb1f
https://github.com/lmkawakami/misc-notebooks,8113202
https://github.com/lorenzboss/m450_LB3-algorithms-performance,52e649b
https://github.com/lsankar4033/acala,8a0cc99
https://github.com/lsst-sssc/lsst-cometary-colors,6660bd6
https://github.com/lsst-ts/ts_xml,2cafbb1
https://github.com/ltskinner/software-engineering,4ff9f3b
https://github.com/lucaswerkmeister/tool-lexeme-forms,309b33b
https://github.com/lukaselmer/hierarchical-paragraph-vectors,cc631a8
https://github.com/lukearno/selector,25f8d1d
https://github.com/luketainton/roboluke-tasks,3ea3a25
https://github.com/lyft/nuscenes-devkit,49c36da
https://github.com/maartenq/dnszonetest,b1858ae
https://github.com/macbre/map-porn,cf9c64a
https://github.com/mad-lab/transit,092ab5e
https://github.com/madpah/requirements-parser,5937fb4
https://github.com/mahantesh-nvidia/openbmc_2.6,d2e5ca9
https://github.com/mandliya/pythia_updated,e986c4d
https://github.com/mapproxy/mapproxy,9c61ea2
https://github.com/marcelblijleven/fittie,b328af7
https://github.com/marcin119a/SigConfide,9e6f8e3
https://github.com/marco-c/crashsimilarity,fd420a5
https://github.com/martyzz1/heroku3.py,cad05fa
https://github.com/masasin/latexipy,1f888a4
https://github.com/matanbroner/StocksPlatform,d0ac5e3
https://github.com/mathieumoretti/mlb_learning,aeeb837
https://github.com/mathippo18/Select_Jeu,b042641
https://github.com/matiasvallejosdev/todo-rest-api-django,f5d9246
https://github.com/matplotlib/data-prototype,f68736b
https://github.com/mattduck/gh2md,c8794d8
https://github.com/matthewdeanmartin/caniuseonlywheels,1d6fc21
https://github.com/miso-belica/sumy,d31ead3
https://github.com/misterhandycap/chancelerpalpatine,6dd911b
https://github.com/mitnk/letsencrypt,1f6328e
https://github.com/mj6meron/dice-game-project,91af7c8
https://github.com/mjmlab/barseq,492500d
https://github.com/mjwestcott/pypokertools,cbd07b7
https://github.com/mkayeterry/recipe-urls,742d8f0
https://github.com/mlasevich/sharepoint-tool,a67fb31
https://github.com/mminichino/couch-formation-core,c2509cd
https://github.com/mmmaurer/teamlab2022,0b84db6
https://github.com/mmore500/curaitor,eef5e6a
https://github.com/mohsinkhn/seti-kaggle-tezdhar,dd3b1dc
https://github.com/molobrakos/volvooncall,c620b0d
https://github.com/monasca/dbuild,895cc59
https://github.com/monologg/ko_lm_dataformat,fc836ff
https://github.com/moodlehq/moodle-mlbackend-python,5b89f88
https://github.com/motional/nuplan-devkit,cd3fd8d
https://github.com/moxin-org/mofa,3c28442
https://github.com/mozilla/bleach,4bc1bff
https://github.com/mozilla/pyjexl,e211682
https://github.com/mshakya/piret,056838a
https://github.com/msimacek/copr,5175fa2
https://github.com/mskcc/cwl-commandlinetools,21934fb
https://github.com/msr-fiddle/mgit,f39282c
https://github.com/msv-lab/symlog,179cab8
https://github.com/mtakaki/cachet-url-monitor,5c651d3
https://github.com/mtreviso/deepbond,a36ccb7
https://github.com/myhdl/myhdl,d0b9b7d
https://github.com/nandak9/Chatbot-Framework-Using-Artificial-Intelligence,7492309
https://github.com/nansen-ai/evmchain-etl-table-definitions,8532a13
https://github.com/narekgharibyan/ptimeit,34ee729
https://github.com/nasa/CTF,321fb0d
https://github.com/nasa/harmony-swath-projector,20900ad
https://github.com/nearai/program_synthesis,d5fd2a2
https://github.com/nedbat/test0,46cfcb9
https://github.com/nel215/change_finder,b2da60e
https://github.com/nelson-liu/phonesthemes,56ba966
https://github.com/neuroscout/pyNS,304b4c9
https://github.com/nextmv-io/nextplot,c235673
https://github.com/nhedlund/intrinio,c8c0450
https://github.com/nherbert25/cards,22c2099
https://github.com/nhsd-exeter/dos-road-distance,e3b4aef
https://github.com/nickfox-taterli/yocto-imx6-custom,3a76ed9
https://github.com/nils-werner/pymushra,33d49f5
https://github.com/nimakaviani/demo-crypto-bot,59d61cd
https://github.com/njharman/rpg,10787be
https://github.com/nlef/moonraker-telegram-bot,b9b4700
https://github.com/noahgift/cli-multicloud-devops,bfc76cf
https://github.com/nogibjj/IDS706_Cirun_Test,6f26a8d
https://github.com/nogibjj/Michelle_Li_mlops,416c50b
https://github.com/nogibjj/data-science-projects,1eb810c
https://github.com/nogibjj/hugging-face-gpt-trainer,637b21a
https://github.com/nogibjj/vector-graph-db,c5d4c04
https://github.com/nomikugg/CrackMapExec,73f6c00
https://github.com/noonosh/curex,971c7b8
https://github.com/norbusan/acme-debian,7629349
https://github.com/norbusan/certbot-debian,43897c1
https://github.com/nsat/poky,5200799
https://github.com/nteract/pick,657059a
https://github.com/ntoll/microfs,3c28361
https://github.com/ntropy-network/ML-tools,f5b67d0
https://github.com/numenta/nupic-legacy,7281482
https://github.com/nunenuh/python-grpc,4576e7c
https://github.com/nvlinhvn/HSTransform,c35c70a
https://github.com/nxtlo/aiobungie,950ab29
https://github.com/nyantec/meta-yocto,8000a6a
https://github.com/nylas/mypy-tools,5c5a7a1
https://github.com/o3de/o3de,2a012af
https://github.com/oakleighw/supervision_litt_polygon_count_accumulate-,b63202c
https://github.com/oasis-open/cti-pattern-matcher,73c1cb9
https://github.com/oasis-open/cti-stix-slider,879f2a0
https://github.com/oasis-open/cti-stix-validator,e35c4b2
https://github.com/octodns/octodns-route53,0cc13c1
https://github.com/ofiriluz/octo-pipeline-python,58f6dcc
https://github.com/olekol33/optlrc2018,be910c1
https://github.com/ollelauribostrom/pi-home-monitor,fc58760
https://github.com/omarryhan/pyfy,ed0ed6f
https://github.com/ome/omero-py,749a68a
https://github.com/onap/archived-optf-has,8717ee5
https://github.com/onap/multicloud-openstack,d0e9fd3
https://github.com/onap/multicloud-openstack-vmware,53fd67e
https://github.com/openSUSE/backlogger,f1b966e
https://github.com/openSUSE/py2pack,0d8e923
https://github.com/opencomputeproject/Rack-Manager,e1a61d3
https://github.com/openhealthcare/gloss,1d17d13
https://github.com/opensciencegrid/images,3a31924
https://github.com/openstack/ceilometermiddleware,0387c64
https://github.com/openstack/charm-cinder-backup,e16c66c
https://github.com/openstack/charm-cinder-nimblestorage,5c873f5
https://github.com/openstack/charm-cinder-three-par,794f691
https://github.com/openstack/charm-cloudkitty,2a6dde2
https://github.com/openstack/charm-nova-cloud-controller,52677fa
https://github.com/openstack/charm-nova-compute-nvidia-vgpu,8f2c17e
https://github.com/openstack/charm-tempest,999d831
https://github.com/openstack-charmers/charm-layer-ovn,ca4f640
https://github.com/openstack-charmers/charm-woodpecker,c872fa9
https://github.com/openstack/futurist,a2daaf4
https://github.com/openstack/oslo.vmware,b937e04
https://github.com/openstack/zaqar,e83ca39
https://github.com/opnfv/daisy,7c525d1
https://github.com/opnfv/functest,db3455a
https://github.com/os-mey/MazeForge,2a8f6d9
https://github.com/osslab-pku/RecLicense,39d6566
https://github.com/osswangxining/conversationinsights-dialogue,07490b6
https://github.com/ouahibelhanchi/pytimeparser,328945e
https://github.com/ozora-ogino/tflite-human-tracking,d1be51c
https://github.com/ozymand1a/qa_bot,1dbb6cd
https://github.com/pablosalvador10/gbbai-chat-with-your-database,b0dccaa
https://github.com/pandeyankit83/AWS_SHELL,8950f03
https://github.com/pantsbuild/requirements-perf,63a35e2
https://github.com/pappacena/pysockmmsg,28018cd
https://github.com/parijatmukherjee/mohflow,d39c6c0
https://github.com/parkpow/deep-license-plate-recognition,e080c58
https://github.com/pcdshub/jet_tracking,55a62be
https://github.com/pcein/rpi-swupdate-2,efd3dcf
https://github.com/pdyba/lambdalizator,fa1d26e
https://github.com/peter-lucia/algorithms,6bd571b
https://github.com/peter/python-content-api,b322150
https://github.com/petermr/docanalysis,1cd615d
https://github.com/pg2455/AudioAge,52ef7bb
https://github.com/phdru/ppu,fa35d98
https://github.com/philschmid/efsync,5867a42
https://github.com/phucnt1992/azure-well-architected-framework-mindmap,e81aac0
https://github.com/pingviini/pikacon,5982f17
https://github.com/pjz/timejournal,b0c11b5
https://github.com/pkkid/python-plexapi,d88f14e
https://github.com/plf14/Golf-Handicap,503bded
https://github.com/pnnl/ESMAC_diags,3fe9707
https://github.com/pravinashj/openbmc,7172875
https://github.com/prmtl/simple-blockchain-cli,f85932a
https://github.com/projectcalico/calico,7304c5b
https://github.com/prowler-cloud/prowler,763130f
https://github.com/przemyslawjanpietrzak/pyMonet,94610ee
https://github.com/pthom/imgui_datascience,8e77397
https://github.com/pulibrary/prds-validate-csv,a9fcc5f
https://github.com/pvanheus/parse_accessions,1b761e4
https://github.com/pyDANDIA/pyDANDIA,59739a2
https://github.com/pybuilder/pybuilder,70b7bf9
https://github.com/pydanny/webhooks,3a7c517
https://github.com/pydoit/doit-py,500731c
https://github.com/pyfar/pyrato,4e38b81
https://github.com/pyfar/spharpy,b0e33c0
https://github.com/pynflate/pynflate,3986b09
https://github.com/pyoceans/python-oceans,a7954cf
https://github.com/pypa/packaging,8510bd9
https://github.com/pyranha-labs/atoparser,27fce77
https://github.com/pystorm/streamparse,aabd9d0
https://github.com/pythological/etuples,179cc40
https://github.com/python-distro/distro,3bd19e6
https://github.com/python-gitlab/python-gitlab,d6a7dba
https://github.com/python-hydro/pyro2,493774e
https://github.com/python-manage/manage,8199c44
https://github.com/python-useful-helpers/exec-helpers,0b32a78
https://github.com/pywbem/pywbemtools,71936ee
https://github.com/qiniu/pandora-python-sdk.v2,4defd45
https://github.com/quantDIY/trading_app,7b43dcd
https://github.com/quartictech/platform,d9f535f
https://github.com/quartx-analytics/calllogger,f636c66
https://github.com/queirozfcom/python-sandbox,2938cab
https://github.com/radiantone/pyfi-private,bafc422
https://github.com/rado0x54/python-carson-living,ad2970b
https://github.com/rafaelosoto/stream,63bc42f
https://github.com/rambasnet/kattis-cli,90cd7d7
https://github.com/raphaelm/cockatiel,3b33dce
https://github.com/raphychek/mbappe-nuplan,f7327ee
https://github.com/rbaltrusch/desktop_shop,1b9c7f2
https://github.com/rbignon/woob,eb61681
https://github.com/reachtarunhere/lightning-hydra-template,4925f0e
https://github.com/realshouzy/auto-file-sorter,a897fa7
https://github.com/redhat-partner-tech/automated-smart-management,8d906d3
https://github.com/redwoodresearch/Measurement-Tampering,8b1d592
https://github.com/refaim/wots,dad9918
https://github.com/refinery-platform/django_docker_engine,2f8241e
https://github.com/renzenicolai/openbmc-x570d4u,5bcd686
https://github.com/renzenicolai/openbmc-x570d4u-old,4deac3a
https://github.com/repole/drowsy,1360068
https://github.com/reshalfahsi/neuralnetwork,a5d2a25
https://github.com/return42/fspath,e7c5bb2
https://github.com/ricardochaves/django_http2_push,d99cdfa
https://github.com/rkevin-arch/ECS189M,363b02b
https://github.com/rl-language/rlc,a7c7a92
https://github.com/rlishtaba/py-algorithms,ce7cf33
https://github.com/rmax/fastavro-codecs,40b3195
https://github.com/rmhsawyer/Reinforcment_Learning_Car_Racing,0261f7c
https://github.com/rnicolasmr1998/Learning_Python,fd45ffb
https://github.com/robertmartin8/MachineLearningStocks,1c3712a
https://github.com/robertwb/beam-javascript,5b6f10e
https://github.com/robinthibaut/skbel,8935793
https://github.com/robotseye/FlexRound_LRQ,59d4665
https://github.com/rocklandceo/medium-api-converter,56fc0ee
https://github.com/rogue707Dev/Django-security-headers,97e2e4d
https://github.com/rohan-flutterint/beam,6f0a1c9
https://github.com/rom1504/python-template,56c1bfc
https://github.com/romilly/quick2wire-python-api,c5e21e9
https://github.com/rrwick/Trycycler,77d1be8
https://github.com/rszalski/erfc,ba982e6
https://github.com/ruksi/genvi,034dcbb
https://github.com/rveachkc/pymsteams,a852fb2
https://github.com/ryanpetrello/sdb,868e4d1
https://github.com/s3c2/UntrustIDE,e239fc4
https://github.com/sahil-kale/pdf-utility,b35d676
https://github.com/saifullah3396/torchxai,b12230d
https://github.com/salesforce-python-client/pyforce,c2b4316
https://github.com/salimfadhley/sneaky_telegram_client,3115fd1
https://github.com/salwator/training_stats,3f3bacb
https://github.com/sam0jones0/amazon_wishlist_pricewatch,d2dbd39
https://github.com/samdmarshall/pbPlist,c553c8d
https://github.com/sammiee5311/youtube-music-cli,2af71c1
https://github.com/sanjeevs/golftracker,e671b80
https://github.com/santoshphilip/pyclearsky,e3046e1
https://github.com/satellogic/iquaflow,a0972db
https://github.com/sbunatyan/tavrida,66f8d6d
https://github.com/sc22d2s/E016-CAD1,afc2b4e
https://github.com/sc250024/macos-installation,9f16024
https://github.com/sci-oer/student-cli,9376fe1
https://github.com/scottprahl/RigolWFM,2ee9e39
https://github.com/scrussell24/hype-html,c4e9188
https://github.com/scylladb/python-driver-matrix,90ae811
https://github.com/scylladb/scylla-api-client,67e26f5
https://github.com/scylladb/scylla-cqlsh,02ec7c5
https://github.com/sdabhi23/bsedata,dec410b
https://github.com/sdss/ObserverTools,a876b30
https://github.com/se-sic/VaRA-Tool-Suite,f63bc9a
https://github.com/seboz123/mlagents-meta-learning,c866f50
https://github.com/secure-software-engineering/SWARM-CG,5929c0a
https://github.com/seekplum/seekplum,e08d7a4
https://github.com/self-supervisor/Escaping-Stochastic-Traps-With-Aleatoric-Mapping-Agents,cbeba7c
https://github.com/self-supervisor/How_to_stay_curious_while_avoiding_noisy_TVs,37135f7
https://github.com/semenInRussia/FreeSpotify_back,d00cfff
https://github.com/senbox-org/sen2coral-box,98af787
https://github.com/sensiml/piccolo,507b075
https://github.com/sensu-plugins/sensu-plugin-python,d41a446
https://github.com/sepandhaghighi/nafas,ebcfc97
https://github.com/seporaitis/warlok,dd45cb2
https://github.com/seraphs/cssfixer,2f26120
https://github.com/sergiocorreia/panflute,25c3924
https://github.com/serverless-ca/terraform-aws-ca,0200b99
https://github.com/sethmlarson/truststore,5dccaad
https://github.com/seung-lab/connected-components-3d,e58879d
https://github.com/sfischer13/python-arpa,861a19b
https://github.com/sfradkin/livecode-archive,fed6bae
https://github.com/sg61189/SRC,f63ad40
https://github.com/shake777/openpilot_K7,002ef27
https://github.com/shannon-sys/mongodb,4501fa4
https://github.com/shawwn/scrap,41a74d4
https://github.com/sheesania/anoixo,44adb92
https://github.com/shellc/laozy,abc1d82
https://github.com/shinesolutions/aem-stack-manager-cloud,5d4e951
https://github.com/shoppimon/figcan,0c5ca46
https://github.com/shroominic/funcchain,c45b505
https://github.com/shuaiscott/edlstrip,3d02c42
https://github.com/signalpillar/tox-battery,a10264f
https://github.com/sileht/python-jsonpath-rw-ext,aa6e822
https://github.com/simonsobs/symlens,2e93220
https://github.com/simonw/datasette-registry,afd0296
https://github.com/singingwolfboy/flask-dance-google-sqla,eb7277d
https://github.com/ska-sa/katpoint,30e00b0
https://github.com/smn-ailab/regression-em,35ff005
https://github.com/smythi93/Tests4Py,0ce6981
https://github.com/snowztail/learn-python,eb58401
https://github.com/socialgene/sgpy,a557e9c
https://github.com/softbutterfly/glovo-api-python,f676032
https://github.com/solita/sv-security-scans-02,535afe4
https://github.com/solita/sv-security-scans-03,e4ec2ab
https://github.com/solvire/goodreads_api,834da17
https://github.com/sopel-irc/sopel,c7693ca
https://github.com/sophgo/sophon_media,10a901c
https://github.com/spMohanty/RogiRL,b818267
https://github.com/space-concordia-robotics/robotics-prototype,ba516be
https://github.com/spark-jobserver/python-sjsclient,777bcf2
https://github.com/spedagadi/tinkerboard-yocto-qt5-eglfs,0ff75ad
https://github.com/spedagadi/yocto-tinkerboard,5a93206
https://github.com/spookylukey/table-format,e638a2e
https://github.com/squareben1/algorithm_timer,62199b1
https://github.com/sr-murthy/oedtools,f38d7be
https://github.com/sshuttle/sshuttle,834ac02
https://github.com/stanfordnlp/stanza-old,920c55d
https://github.com/stephen-zhao/datetime_matcher,80d9152
https://github.com/stephenmcd/mezzanine,e719286
https://github.com/stphivos/bg-kube,3936c28
https://github.com/streeter/pelican-gist,395e619
https://github.com/stsikata/music-recs,eb7aab1
https://github.com/stuckatsixpm/antelopy,993b1c8
https://github.com/subdownloader/subdownloader,3885ed8
https://github.com/sunnysavita10/MongoDB-Connector-PYPI-Package,9b3ee39
https://github.com/superblocksteam/agent,45038fb
https://github.com/supermicro/Supermicro-OpenBMC,03720bb
https://github.com/supersglzc/Franka,536e2e1
https://github.com/swingmx/swingmusic,cb2e98a
https://github.com/swoo1226/pytest-tutorial,35b3027
https://github.com/syedsajjadaskari/Deep-Learing,3ef17a5
https://github.com/sylhare/Python,537bf91
https://github.com/syscoin/sentinel,40c11e2
https://github.com/szymanskir/SpeechCommands-RNN,3426674
https://github.com/taiChantarungsee/django_tasks_app,9aa0686
https://github.com/takotab/cloudfile,cf06e37
https://github.com/talkpython/100daysofcode-with-python-course,d238312
https://github.com/talon-one/talon_one.py,642e7da
https://github.com/tczpl/lent-sse,322bdf6
https://github.com/teamplify/teamplify-runner,1d182de
https://github.com/telephoneorg/kazoo-sdk,6311691
https://github.com/th679/Robo-Advisor-Project,ceb1e78
https://github.com/thatcherfreeman/rgb-matrix-finder,6bd9dbc
https://github.com/the-aerospace-corporation/brainblocks,07396fa
https://github.com/the-art-of-dev/dcw,759fade
https://github.com/themanoftalent/CodePythonForBeginners,3cad3eb
https://github.com/thenakliman/stock-screener,52df5f1
https://github.com/theochem/gopt,7d39db2
https://github.com/thiago-ndev/search-job-app,368e860
https://github.com/thibaudcolas/kontrasto,267397d
https://github.com/thinkski/poky,02ee938
https://github.com/thobbs/pure-sasl,b215f70
https://github.com/trustedanalytics-ng/platform-tests,a675555
https://github.com/tsanford01/ai-soc-investigator,8a4e4b0
https://github.com/tuenti/python-repoman,afbb695
https://github.com/tungstenfabric/tf-controller,6a67439
https://github.com/tuplex/tuplex,6fb414e
https://github.com/twitter/the-algorithm-ml,b852108
https://github.com/twynb/AudioStreamSplitting,4ee0e5e
https://github.com/tykling/mobile_modem_exporter,29fd40c
https://github.com/tykling/qwiic_exporter,335b661
https://github.com/u-boot/u-boot,8877bc5
https://github.com/ucb-art/BAG_framework,daf4b0a
https://github.com/uccross/skyhookdm-ceph,cc03980
https://github.com/ucsb-cs48-w19/6pm-stock-trading,daf70b6
https://github.com/ulf1/augtxt,ddab51e
https://github.com/ulf1/treesimi,eb06587
https://github.com/ulstu/tp,50b2de7
https://github.com/umaretiya/AttritionRatePredict,1acdb8b
https://github.com/ungoogled-software/ungoogled-chromium,96d8e27
https://github.com/unifiedstreaming/pycpix,a7ac328
https://github.com/unkokaeru/pythonblankslate,4ec4e48
https://github.com/unnir/DeepTLF,b016324
https://github.com/uptrace/uptrace-python,d7c5cc3
https://github.com/usepat/soniccontrol,bf64016
https://github.com/usnistgov/KAIROS,cbeb7a8
https://github.com/vaimalaviya1233/CodeFiles,a90055d
https://github.com/vanderschaarlab/temporai-clinic,c1c5340
https://github.com/varmam1/Kin-Recognition-Dissertation,7320271
https://github.com/vc1492a/PyNomaly,8878572
https://github.com/veltzer/demos-python,45afc16
https://github.com/venthur/immoscrapy,209e03b
https://github.com/vhoogelander/BMI_HBVmountain_streamflow_analysis,10d8dc1
https://github.com/video-box/videostore-python,d4472c6
https://github.com/viettrungluu-cr/mojo,950de5b
https://github.com/vikingsbuild/vikingsdrago.repo,ba73a72
https://github.com/viniarck/phpipam-pyclient,8b89ff6
https://github.com/visgl/deck.gl,479b849
https://github.com/vishnuvardhan-kumar/xccdfparser,053a708
https://github.com/viswavi/languageid,e170532
https://github.com/vk496/zisofs2-tools,60e1199
https://github.com/vollib/py_vollib,9fbc623
https://github.com/voyager-2021/be6502emu,78b4c8a
https://github.com/vragulin/Optimal_Exec_In_Comp,f0be417
https://github.com/vukasin-stanojevic/BoostTrack,af20298
https://github.com/wasn-lab/Taillight_Recognition_with_VGG16-WaveNet,89b1092
https://github.com/wateraccounting/IHEWAcollect,1329956
https://github.com/wiedi/django-netmgt,737055f
https://github.com/wikimedia/operations-puppet,de042c8
https://github.com/winkemoji/snmp-collector,4a8b027
https://github.com/wisemuffin/nsw-doe-data-stack-in-a-box,1101f11
https://github.com/woxcab/scrapy_rss,93bf446
https://github.com/wpensar/cnab240,7a3d6e7
https://github.com/wwhuang80/DPUG_sample,28021cc
https://github.com/wwilla7/factorpol,ad9cbe1
https://github.com/wybert/datashader-cli,7cfaeca
https://github.com/xambroz/rpms-infosec,718a298
https://github.com/xchwarze/wifi-pineapple-community,83a07c8
https://github.com/xethorn/garcon,a21c89e
https://github.com/xiaohan2012/active-infection-source-finding,a4378f2
https://github.com/xlcnd/isbnlib-bnf,3e56ce1
https://github.com/xlcnd/isbnlib-porbase,f13cbfb
https://github.com/xljones/tuya-tray,431a5f5
https://github.com/xor2003/masm2c,90ba8a7
https://github.com/xpac1985/pyASA,a6cf470
https://github.com/yaybu/fuselage,d1a3c7a
https://github.com/yheechan/WALLY,bd370c0
https://github.com/yinlinchen/Intro-to-AI-Showcases,b47429e
https://github.com/yiskw713/pytorch_template,894577b
https://github.com/yman45/nornir_bindings,4fe164f
https://github.com/yougov/yg.emanate,de24a1d
https://github.com/ysard/mi_remote_database,6751bd8
https://github.com/yugabyte/yugabyte-db,f229cc6
https://github.com/yzhao062/SUOD,0458f08
https://github.com/yzhao062/combo,38d3e82
https://github.com/z/xonotic-server-management-suite,4fe8e19
https://github.com/zabealbe/HPCtools,8de9383
https://github.com/zackees/static-sox,2f5226a
https://github.com/zawislakm/RatPartyMixTracker,a9969c7
https://github.com/zeek/package-website,1582b29
https://github.com/zheminzhou/SPARSE,deb9361
https://github.com/zhmcclient/zhmc-os-forwarder,2752130
https://github.com/zhmcclient/zhmccli,aa9553b
https://github.com/zj5559/Meta-Updater,7e22d1a
https://github.com/zjc17/DNS_Proxy,fd20d6d
https://github.com/zodiacfireworks/pyker,0d486af
https://github.com/zqfan/taurus,6d599d3
https://github.com/zst123/Project_Fimble,7205b26
https://github.com/zurutech/reqompyler,433e92b
https://github.com/libredesarrollo/curso-libro-flask-base,dcf5ff10422b5f36706e1d27279165725efe408c
https://github.com/oatkrs/peepapp-core,a1be8f12dfe3eef1d401dfaaae19a6b55bd2e1ff
https://github.com/telestion/telestion-server,d7dc8cb34a7a9486852c1eb26e3d69f839565730
https://github.com/tomconte/codebox-ai,ddd99a67c5bf3c4153c03b3ee58e4535d10e884c
https://github.com/SwordOfDamocles/ttork,b3e6e2ecb322cc9bc3a773b7695bc6b5689fbe5f
https://github.com/anogowski/pytest-mark-count,506ae6b0184c70d2419777dceb936725249a4c83
https://github.com/data-corentinv/mle-case-study,75d33d4568abcf0d11636e4a16bc62d7fb5f19b2
https://github.com/reedjones/pybatgen,4644f42ae112dcf686f959b82044f95b172fb309
https://github.com/sreegithub19/upgrad_programming,e22b8bb5a3e0e4d4cc5702d895ec86425a7d4ba8
https://github.com/j40903272/quant-stuff,2f81415714b368dec53be6f10a92177791879a65
https://github.com/randcd-APY/QuectelShare,92fbb0f6117219f63b3a83887e16e4f8335ab493
https://github.com/Infineon/pred-main-xmc4700-kit,afe3afe9d75b371351b22b81572be9245094f027
https://github.com/Semanti1/smarts_baseline,77dbc350f37ae7735c74a2b8f1585c2818ac3421
https://github.com/autofuzz2020/AutoFuzz,896b747487514806d116d1ad14fd1106f523423e
https://github.com/craigtrim/fast-parse-time,d3c83f223e5cf90b65b6e29fcd26248f02a351bd
https://github.com/izderadicka/mybookshelf2,33f7f889ddc1117e7a4150419f87a0e070b789bc
https://github.com/mfpx/python-http-server,a2879aeaf3ff65983c772b6d0bbee690014a7f25
https://github.com/drerx/h2ogpt,14ebef54a1a052435c240ec411252b7d90f053b0
https://github.com/kx233333/kvcache_lab_h2o,e2ed74fa7bbb8992bb042d697c85793757106244
https://github.com/xiaohan2012/efficient-rashomon-rule-set,6e694b7e7508dcb882f349a62a1bded1aec1612c
https://github.com/yuehting/INFO557_NeuralNetworks,be3c3ee795070bba5baeba7004bc91e7e77bbf80
https://github.com/alex-waiganjo/CRUD-API-Using-Flask,0e50e4d41a0a691014a05c513482edbb6a2554d3
https://github.com/ervand7/Summary,d782901b6db898993dbda88f4af290d2f441c0bd
https://github.com/gpaulissen/ofxstatement-french,0f728f5eea9fa6523a8dc46faa7a2e1a15ee2792
https://github.com/AInixProject/AInix,90d23da97e3ae579fb324dcf81dea847fea5d62e
https://github.com/Tarkiyah/googleResearch,dea327aa9e7ef7f7bca5a6c225dbdca1077a06e9
https://github.com/Turing-04/Applied-Security-Lab-Project,f199331523eec3fa1f5676c09f5bdd86d5a79dc2
https://github.com/arXiv-research/DevLab-III-1,c50cd2b9154c83c3db5e4a11b9e8874f7fb8afa2
https://github.com/dimensigon/dimensigon,079d7c91a66e10f13510d89844fbadb27e005b40
https://github.com/hyperconnect/corge,741d06283cc8bf89264f523118b7903a6f9e14cb
https://github.com/liujiamingustc/phd,4f815a738abad43531d02ac66f5bd0d9a1def52a
https://github.com/Vinfall/rss2ics,f9821f5eded47d98ac22450a906b5176aca98a92
https://github.com/CKIP-Joint/Evaluator,5cd2999a2a449be79c888d7e468342a42b9b1cc0
https://github.com/kentik/community_sdk_python,b48cfd912b162f99290ff00170916abf9cd67d23
https://github.com/rh-messaging-qe/fmfexporter,abcf107eb34b954f64c803a797a929d4d5e1f7dd
https://github.com/wojtek11530/song_lyric_classification,8eba9b21c527601b2997523e21c822d8ffdf1d8f
https://github.com/carojasb94/isw_dietas_3cv4,4f150305d50334b36f0399d39f899f78da2d37f9
https://github.com/danielbynight/zorn,0c7ae44fb7a01f44f1e9ebf7cbf71ffd12663eab
https://github.com/handy505/playground,9a2ec76be39aa0217a38057ef12b6680be268bc2
https://github.com/tuannv-github/uwb-ips,656725bfbb45eae48127733b7c4a96736bfacf84
https://github.com/TTyyds-art/MPP_Powersystem,421d4dd743d5ce34a98d63c5c7d2f211bf7a8877
https://github.com/tml-epfl/long-is-more-for-alignment,5466f17fefef8c41252f92338bd5717af857ae34
https://github.com/wikimedia/mediawiki-tools-scap,4f033d521db6445d285e077f0560af92ce700dd2
https://github.com/jiarong0907/Pipeleon,92d41e5469179027b921401a68b61216e5ba7a18
https://github.com/lucasrm25/CBOSS,42447db1b550cb7a153e7fb65b9615b08f023536
https://github.com/errolyan/python_tutorials,f89cd9bf181316d4b46dbc34e8df61340170a59b
https://github.com/kelvincjr/shared,4bc4a12b0ab44c6847a67cbd7639ce3c025f38f8
https://github.com/soren5/autolr,f885012c71a62ef1cadf5c66c37ea346e50f1a9c
https://github.com/zerynth/z3tester,6626b2935e5e3164c93c12fcedc3c8f1fb6d85a7
https://github.com/j-huthmacher/AlphaWorm,1644d8cd1c557ecb52be01c863d92f04dc44d52a
https://github.com/my-lambda-projects/Lambda-School-Labs,3fd2451093b05f41c3f9faf23fb4ebccef85cb0f
https://github.com/zonca/nbenv,71b28222babe1575f82f7ecc9530d2d42400eb93
https://github.com/Capitains/MyCapytain,1524ec07377ed587750cb0ec8fd0f97f0ad8d81c
https://github.com/aalvrz/zenoss-core-425,78578d4b065abe854726edd5c43cf7eef8b48b9f
https://github.com/spacecraft-design-lab-2019/groundtruth-simulator,7f06d5843ae4241f68a7ef8f42629d2e83bab536
https://github.com/globalscaletechnologies/amazon-freertos,bc2307497df05282f663901e21f55e231f448a9e
https://github.com/matthappens/taskqueue,548979587326b95bf41851eb135052de782e74fc
https://github.com/sematicshood/Simontir-Flectra,d51e29fece430efaf32a81edeaff57de6e302e9b
https://github.com/xszym/UMCS-lights,cc7bd51551bc3bc7e7186ce35d54c2cbb8cd87ca
https://github.com/CloudHeads/serverless_exceptions,109c61d88792e50e432f9fc64de4cb372fc52df7
https://github.com/Dreyer-Research-Group/abinit-grp-develop,6a0e5734dc30201a4c5c53be0c491ea5710a3493
https://github.com/Emetegift/quicklink,f79bd3a20492e606a03c2027661ddaa5299b715c
https://github.com/brunorijsman/quantum-internet-hackathon-2022,d47c6b19f0e3fd063313d0a5f89ae65718898bb7
https://github.com/mapaction/mapactionpy_controller,345f329d00094a9045760856f1b659f86ca68e32
https://github.com/smarie/python-doit-api,61f226b97843cc8335fad4eac4cfaa3f05c016f1
https://github.com/Appdynamics/OSS,1e112f8854a25b3ecf337cad6eccf7c85e732525
https://github.com/Apt-Get-SWE/SWEProject-Aptget,829abde71d91a46afc5a888b7224721239e006f7
https://github.com/CDL-Quantum/Hackathon2021,d223ce4cbacbd4f4a0760640d4aa6242ef24969f
https://github.com/chenh1001/Basketball-ML-Unity,b4f5a84ea6379f4c619f5699ed8feee871ce9b05
https://github.com/SPRITZ-Research-Group/LOCARD-Tools,a489270835b603f06ac32f15b9994bf9fa9fdd43
https://github.com/Zepmanbc/cookiecutterpackage,4fffc5000c359d6c617d6cf3bc0a8104de0af535
https://github.com/habanero-lab/cti-ml-smt,4c5e736f2135288d107ca7bd9071f1bc2576bc5e
https://github.com/jdonaldson/hamilton-on-ice,64379dbcd1577fc27b6eab403f2de31b4bf91575
https://github.com/jmborr/qef,2c838f77e1efdc5c2e2c830842372e37f65acf6e
https://github.com/marbrb/python-colors,93973b2e8f8779725128b7b2644dd99e20fdfb14
https://github.com/mbodenhamer/docker-master,4f963faac68f5e3ce69ed219df5ada3a1b7cd606
https://github.com/mpapenbr/python-racelogger,3203c6565bc08c3667e03673bbee57fac8906abb
https://github.com/rstms/rstms-tq,c783c3cd74974ef6b2f06011edd39da043600724
https://github.com/maarten-dp/mimics,8328bc1eac768720cf3810b2fd9c29342faa3566
https://github.com/vikifox/monster,bac9b7da204c3eee344f55bb2187df38ef3b3d4c
https://github.com/HKUST-SING/AICloud-Storage,7ec71eae5aaf6d1fb8adfac656c1416ffa88cdde
https://github.com/copslock/Quectel_sc20_linux_sdk,ed0e50a102c7ee115c6999ba0a26ce50537c616e
https://github.com/essembeh/pytput,8fd026c7cfb82b2d04d53dafacce680d708e63c3
https://github.com/hixan/av_slice,0fbb4f45281f701c8e9eb9c764f380a719b5d1c0
https://github.com/olist/template-to-pdf,ddfc47dab8f4d8ffcfb42f935118040685a0ae05
https://github.com/openearth/sandbox-fm,01bd5b3e35641062e2dfbc92835c0f5f31e48df7
https://github.com/scikit-allel/skallel,ca15ede5d4385e97b2be8b6e4795885f54270143
https://github.com/anler/Rockefeller,5dc6fc2a763825e86fc243484f3e6db8ae6c4a89
https://github.com/dvrpc/BlockGroupTAZ,4454be92d29158ffdb5501f710d2b6a1409fc0d8
https://github.com/elyase/ethers-py,c01bd2e5abf701e60c3c9628304110b94fa15a8e
https://github.com/npnet/QuectelShare,92fbb0f6117219f63b3a83887e16e4f8335ab493
https://github.com/sissaschool/lograptor,c15867b1e4bec72d2704e5dbd4bee8fa0e72062e
https://github.com/theaiscope/aiscope,32f2cfc5a1bbbd1baad20e34637cbef6843f1424
https://github.com/ChristopherJohnston/motu_datastore_client,ed8c428c49e69666b60edfbea6fea245ea9e3b0d
https://github.com/cloudlinux/kuberdock-platform,8b3923c19755f3868e4142b62578d9b9857d2704
https://github.com/SUNET/python_x509_pkcs11,1e1a3cefb8c6568251b6d009f61df7abfa70014c
https://github.com/airbnb/streamalert,75ba140d2e1aa6e903313d88326920adcb8bff45
https://github.com/babycat-io/babycat,c0507a3ed373975353ac23bbb0c421a8aefbe0e5
https://github.com/blockchainsllc/in3,7b21d1855967ef39e64aa6f5bb6e74ab8d298f57
https://github.com/rnhuni/ProyectoFinal2-Grupo03,1c57df26fcf9f6b00b1227071f0ff6edda1df477
https://github.com/ColtonProvias/sqlalchemy-jsonapi,40f8b5970d44935b27091c2bf3224482d23311bb
https://github.com/star-whale/starwhale,9a49d40d531b0399836478b864a8709ade4ab08d
https://github.com/TransformerOptimus/SuperAGI,6c816d24decff60f5b6eec7150b7c2460b49b7f9
https://github.com/artefactual-labs/a3m,fac1d5cb42c4675b32ef4135ee227d420d9946bc
https://github.com/dod-advana/gamechanger-data,1e0ad440d4cf3b826c4d2118682ac9e9a2e59e50
https://github.com/healthbadge/episimmer,21b3d5a499a4a502f7b1c308bea79a9dde9dcabc
https://github.com/pjlab-sys4nlp/llama-moe,b17aff436cce58e2fcd7327789c7fadafe15d19e
https://github.com/DIG-Kaust/pymarchenko,2b5ebbda5b7e039e03e3ad13734f91f22b7205a4
https://github.com/NOAA-ORR-ERD/gridded,3d10dc00b003569c4de1784a406f9ff94a56e73f
https://github.com/SoCo/SoCo,c41a10f74650d734170a465ceb5657ff5668d12b
https://github.com/aws-solutions/cost-optimizer-for-amazon-workspaces,2ab62c9b78f7e06af84950fccb60d2eced27032f
https://github.com/chubin/cheat.sh,571377f2f79422398a701cb1864487124ec3dcc6
https://github.com/glideinWMS/glideinwms,96c107f63552ca02ba0e9ab7eddba6b08ffb1b1c
https://github.com/hetailang/SqueezeAttention,2036e2ea5e4210938c111d0e8c372363b39b0e74
https://github.com/huawei-noah/SMARTS,421761bbc485efe9993f476235af763200a17798
https://github.com/pallets/markupsafe,2390dd2360a9a84f1f26b2de3651bc4536fed3b9
https://github.com/tomchristie/django-rest-raml,295bfe044a12731cb7485b3955d64e320d417ac7
https://github.com/codefortulsa/oscn,a8895b80a9c265f321411102f2f9c191e6bd4433
https://github.com/inveniosoftware/invenio-csl-rest,ac1c9b0a3b7d2114e784d8b59d8524c750b169bf
https://github.com/krishjainx/fibonacci,e2fa02a46a545cf64bb9e497e19b5c7d5dde2469
https://github.com/proyecto-unrc-2023/earth-conquest,630b5fe40e96c5d5c3d311524fb1541672f691a4
https://github.com/benoitc/gunicorn,48eda22a4b3399b0a65677619b4938503cc207cb
https://github.com/flask-api/flask-api,fdba680df667662e683bf69e0516e3ffef3f51bc
https://github.com/sweepai/sweep,240ae0837d347fb37bf75c39678c157312412326
https://github.com/vixen-project/vixen,ef840fd9e2f472aa2f8a7dac5bbca84e245220dd
https://github.com/FMInference/H2O,ac75c2a8a9e76832b2a4139b9363373b56336bfb
https://github.com/woped/model-transformer,4773767d6f12d94a0fabf8885fda4fab50290442
https://github.com/jetbrains-academy/flask-app-course,b59f76b7fe705cabb6d564bc670c6c0d0fe0f0b5
https://github.com/Amsterdam/signals,f44199a4102d33ff008cc989c66c4a479b5764bb
https://github.com/aleph-research/diff-priv-laplace-python,6bbdd57a8f6b588994f94dadacc4664b148db042
https://github.com/elifesciences/elife-tools,7ee209f684f8907917b385de4c507025c2a45bb3
https://github.com/hganchev/python-ur-control,2a60c8e407964f98c4da00cbdb805247f952317a
https://github.com/inspirehep/jsonschema2rst,26abd2e98ef3393807a28500303836297e9300f2
https://github.com/l3str4nge/imgprocalgs,8bb0350bd58bdb38e7716eade8a58a8898f38e48
https://github.com/lj020326/ansible-datacenter,54ae82cb8a0115eaa4a7088239df5c0a5d1baa3d
https://github.com/opnfv/nfvbench,8ecfd4c886507fe602398a8623e6044d40ea8090
https://github.com/planetarypy/pvl,0b0fa4b9c3396a4fe57d1fc48128acc119750d37
https://github.com/rivetTDA/rivet-python,7a07d1933ccea00e53717e0491262884957f3b5d
https://github.com/stevenaldinger/vertex-ai-google-cloud-billing,a7e40ea15f691e80a67f12a838d38a1018bbfd4d
https://github.com/sysr-q/flask-themes2,62cbe82c86dcbb44fe5ec3c358c4a51b1ee3d8f6
https://github.com/econ-ark/nbreproduce,478e79c11c24015532dfa1a505eec94ac3dcdbf7
https://github.com/rmax/scrapy-inline-requests,2cbbb66e6e97260b7e126aa9d8ecde1393a554c9
https://github.com/ynikitenko/yarsync,8804edabaa73eb16a9ec87d2b345841b10998da4
https://github.com/Jhsmit/PyHDX,ce183307df114812611c9ad8e7bf7053e7dd43bd
https://github.com/blacklanternsecurity/bls-bible,7b6ec2583275c83198cf963263069a6f6d709d46
https://github.com/fgsect/fexm,cf213c9dea3778c09c1d475e6a16b9db78a6f1e6
https://github.com/mlfoundations/evalchemy,547be0e68c871a2b304d24ffeff352f3be1a502c
https://github.com/oduwsdl/CarbonDate,109505503cacb621c53f19b23b6efed964df25a7
https://github.com/stanfordnlp/chirpycardinal,a43f0cf3cc21c406a4acd60428d53c44c15f5947
https://github.com/EDCD/EDMarketConnector,11d4c0cca1b8a333e8b54b47e8100b85561063ea
https://github.com/mendezVKI/MODULO,d3faf2172bf0a6c15977d5c11aaf540d3051f717
https://github.com/radio24/TorBox,8ee439e26928d64d49b428da070b0edf405cc9a2
https://github.com/C4RR0T02/AdminGuard,0735b7d16ffb86d1e0710facbc0d075eecd06f41
https://github.com/IBM/ibm-cos-sdk-python-core,b05c4d876c639931d1ee8790191b76d9a9f1d418
https://github.com/diverso-lab/uvlhub,2478709ae07d85ce4aee7c5fb3e9f7a07ba2d801
https://github.com/fga-eps-mds/2017.1-PlataformaJogosUnB,1ac71c4fd6e84623ef1a1831ae43ffc528378116
https://github.com/lucaswerkmeister/tool-speedpatrolling,a56dc3d07caa6b0a675539f602a1643798c5fd37
https://github.com/manthanmtg/live_differ,9f6db17f48f9c4a0db47c2ef4a41879372f08489
https://github.com/rubpergar/piripi-hub,67ebc57b95d2dc597f307f95e81ee9bdd6f05b9f
https://github.com/tonybajan/flake8-check-action,3497f8dd6d8a445bfbddc66bd4e38a743bbdf9b7
https://github.com/WasherBuddie/WasherBuddie,6857b7fcfe9f5a2098d2b8eba498e4c5a97c36fb
https://github.com/aws-samples/generative-ai-cdk-constructs-samples,066850d535e44ce262d8152e2852dfb3c9ff9373
https://github.com/jllorian/noRand,5f141855042a2389662664185f3d18b8d0502133
https://github.com/otuk/infobot,8baac7bb33f2ef8785d79cf8e0cc2542884ea336
https://github.com/VarIr/scikit-hubness,c36a058e67c34696182d3b8c5da089e287eb60bf
https://github.com/punch-mission/regularizepsf,48e9f68b00cd8dc946f4d56b2a3a224fbac9ee7f
https://github.com/DerwenAI/kglab,22238e8bce63a780dcdacfa57fa443ff627ec7b1
https://github.com/IRT-SystemX/LIPS,ca7c075f3c99f2fb1bc769d2cb6e56ac09bdbbfa
https://github.com/NGO-Algorithm-Audit/unsupervised-bias-detection,4299b18bf71fa0c1700a334aa4ad5156998b275a
https://github.com/epam/badgerdoc,1e18f79413ac27d6baa5e48bb231d0164595f7e7
https://github.com/gutomaia/nesasm_py,eb9b483ee6e6f174e07b593c262b73b4d647d2e0
https://github.com/pyca/cryptography,bf9e7838c671d2123e2f896f498057b21a7ee0d0
https://github.com/chipi-hub-team/chipi-hub,41937fbe1324413932034666c9d56a762765e24b
https://github.com/jhuapl-boss/ingest-client,c65c57c939d82009f35486021898d77ef0cccb70
https://github.com/EldenRingDatabase/erdb,e2028a6e044b920a471388fb4e1c468b31b64350
https://github.com/GoogleCloudPlatform/cloud-build-samples,e1f999b201afb33671f40ecf9ad8a822bf7bb248
https://github.com/PythonFreeCourse/lms,9853baaa21d1807ba7c53c0d03f0cd0de848dda3
https://github.com/salute-developers/smart_app_framework,daded0ea0d000df5309457531184644d0831f243
https://github.com/jim-schwoebel/allie,99350a2916fa81ab0f10229a9c87ad12703c8e9a